[{"username":"njjjkjnnm","text":"\u6b22\u8fce\u4f7f\u7528\u804a\u5929\u5ba4!","time":"2024-11-02 11:00:06","avatar":"chatdata\/icon\/UserIcon.jpeg"},{"username":"njjjkjnnm","text":"\u5b9e\u65f6\u67e5\u770b\u76ee1","time":"2024-11-02 11:00:14","avatar":"chatdata\/icon\/UserIcon.jpeg"},{"username":"njjjkjnnm","text":"\u5feb\u624b","time":"2024-11-02 11:00:43","avatar":"chatdata\/icon\/UserIcon.jpeg"},{"username":"njjjkjnnm","text":"\u5f88\u597d","time":"2024-11-02 11:00:46","avatar":"chatdata\/icon\/UserIcon.jpeg"},{"username":"njjjkjnnm","text":"\u4e0d\u9519","time":"2024-11-02 11:00:48","avatar":"chatdata\/icon\/UserIcon.jpeg"},{"username":"njjjkjnnm","text":"\u6709\u7528","time":"2024-11-02 11:00:51","avatar":"chatdata\/icon\/UserIcon.jpeg"},{"username":"admin","text":"\u4f60\u8bf4\u597d\u4e0d\u597d\uff1f","time":"2024-11-02 11:02:24","avatar":"..\/..\/chatdata\/avatars_dir\/favicon.jpg"},{"username":"admin","text":"\u563f\u563f\u563f\uff01","time":"2024-11-02 11:02:29","avatar":"..\/..\/chatdata\/avatars_dir\/favicon.jpg"},{"username":"admin","text":"\u771f\u6709\u7528","time":"2024-11-02 11:02:33","avatar":"..\/..\/chatdata\/avatars_dir\/favicon.jpg"},{"username":"admin","text":"\u8fde\u63a5\u4e16\u754c","time":"2024-11-02 11:02:56","avatar":"..\/..\/chatdata\/avatars_dir\/favicon.jpg"},{"username":"admin","text":"Hello, world.","time":"2024-11-02 11:03:00","avatar":"..\/..\/chatdata\/avatars_dir\/favicon.jpg"}]